INSERT INTO "om"."observed_properties" VALUES ('urn:ogc:def:phenomenon:GEOM:depth', 1, 'depth', 'urn:ogc:def:phenomenon:GEOM:depth', 'the depth in water');
INSERT INTO "om"."observed_properties" VALUES ('urn:ogc:def:phenomenon:GEOM:temperature', 1, 'temperature', 'urn:ogc:def:phenomenon:GEOM:temperature', 'the temperature in celcius degree');
INSERT INTO "om"."observed_properties" VALUES ('urn:ogc:def:phenomenon:GEOM:aggregatePhenomenon', 1, 'aggregatePhenomenon', 'urn:ogc:def:phenomenon:GEOM:aggregatePhenomenon', 'the aggregation of temperature and depth phenomenons');

-- v100 --
INSERT INTO "om"."components" ("phenomenon", "component") VALUES ('urn:ogc:def:phenomenon:GEOM:aggregatePhenomenon', 'urn:ogc:def:phenomenon:GEOM:depth');
INSERT INTO "om"."components" ("phenomenon", "component") VALUES ('urn:ogc:def:phenomenon:GEOM:aggregatePhenomenon', 'urn:ogc:def:phenomenon:GEOM:temperature');

---------

INSERT INTO "om"."procedures" VALUES ('urn:ogc:object:sensor:GEOM:1',       x'000000000140efef0000000000413a6b2800000000', 27582, 1,  NULL, 'system',    'timeseries');
INSERT INTO "om"."procedures" VALUES ('urn:ogc:object:sensor:GEOM:2',       x'000000000140f207a9e96900384139bf0a15544d08', 27582, 2,  NULL, 'component', 'profile');
INSERT INTO "om"."procedures" VALUES ('urn:ogc:object:sensor:GEOM:3',       x'00000000014044000000000000c008000000000000', 4326,  3,  NULL, 'system',    'timeseries');
INSERT INTO "om"."procedures" VALUES ('urn:ogc:object:sensor:GEOM:4',       x'000000000140240000000000004024000000000000', 4326,  4,  NULL, 'system',    'timeseries');
INSERT INTO "om"."procedures" VALUES ('urn:ogc:object:sensor:GEOM:test-1',  x'000000000140140000000000004024000000000000', 4326,  5,  NULL, 'system',    'timeseries');
INSERT INTO "om"."procedures" VALUES ('urn:ogc:object:sensor:GEOM:6',       x'000000000140140000000000004014000000000000', 4326,  6,  NULL, 'system',    'timeseries');
INSERT INTO "om"."procedures" VALUES ('urn:ogc:object:sensor:GEOM:7',       x'00000000014145b7ca31487fc1c138da59f139abf8', 27582, 7,  NULL, 'system',    'timeseries');
INSERT INTO "om"."procedures" VALUES ('urn:ogc:object:sensor:GEOM:8',       x'000000000140efef0000000000413a6b2800000000', 27582, 8,  NULL, 'system',    'timeseries');
INSERT INTO "om"."procedures" VALUES ('urn:ogc:object:sensor:GEOM:9',       x'000000000140efef0000000000413a6b2800000000', 27582, 9,  NULL, 'system',    'profile');
INSERT INTO "om"."procedures" VALUES ('urn:ogc:object:sensor:GEOM:10',      x'000000000140efef0000000000413a6b2800000000', 27582, 10, NULL, 'system',    'timeseries');
INSERT INTO "om"."procedures" VALUES ('urn:ogc:object:sensor:GEOM:test-id', x'000000000140efef0000000000413a6b2800000000', 27582, 11, NULL, 'system',    'timeseries');


INSERT INTO "om"."historical_locations" VALUES ('urn:ogc:object:sensor:GEOM:2','2000-12-01 00:00:00.0', x'00000000014147600cde7df17fc13603c2c1e79f50', 27582);
INSERT INTO "om"."historical_locations" VALUES ('urn:ogc:object:sensor:GEOM:2','2000-12-11 00:00:00.0', x'0000000001414721e3e3c47123c1341d38f21784f0', 27582);
INSERT INTO "om"."historical_locations" VALUES ('urn:ogc:object:sensor:GEOM:2','2000-12-22 00:00:00.0', x'00000000014144f902f95b5e67c13b3ac452c1ca80', 27582);


INSERT INTO "om"."sampling_features" VALUES ('station-001', '10972X0137-PONT' , 'Point d''eau BSSS', 'urn:-sandre:object:bdrhf:123X', x'000000000140efef0000000000413a6b2800000000', 27582);
INSERT INTO "om"."sampling_features" VALUES ('station-002', '10972X0137-PLOUF', 'Point d''eau BSSS', 'urn:-sandre:object:bdrhf:123X', x'000000000140140000000000004024000000000000',  4326);
INSERT INTO "om"."sampling_features" VALUES ('station-003', '66685X4587-WARP',  'Station Thermale',  'urn:-sandre:object:bdrhf:123X', x'000000000140f1490000000000413cdd4b00000000', 27582);
INSERT INTO "om"."sampling_features" VALUES ('station-004', '99917X9856-FRAG',  'Puits',             'urn:-sandre:object:bdrhf:123X', x'000000000140e47b20000000004143979980000000', 27582);
INSERT INTO "om"."sampling_features" VALUES ('station-005', '44499X4517-TRUC',  'bouee ds le rhone', 'urn:-sandre:object:bdrhf:123X', x'000000000140ee8480000000004138cc9400000000', 27582);
INSERT INTO "om"."sampling_features" VALUES ('station-006', 'cycle1',           'Geology traverse',   NULL,                           x'000000000200000007c03eb604189374bc4060c68f5c28f5c3c03eb5c28f5c28f64060c6872b020c4ac03eb5810624dd2f4060c67ef9db22d1c03eb53f7ced91684060c66e978d4fdfc03eb4bc6a7ef9db4060c645a1cac083c03eb3f7ced916874060c64dd2f1a9fcc03eb3b645a1cac14060c65e353f7cee', 27582);


INSERT INTO "om"."offerings" VALUES ('offering-1',  NULL, 'offering-1',  NULL,                    NULL,                    'urn:ogc:object:sensor:GEOM:1');
INSERT INTO "om"."offerings" VALUES ('offering-2',  NULL, 'offering-2',  '2001-01-01 00:00:00.0', NULL,                    'urn:ogc:object:sensor:GEOM:2');
INSERT INTO "om"."offerings" VALUES ('offering-3',  NULL, 'offering-3',  '2007-05-01 02:59:00.0', '2007-05-01 21:59:00.0', 'urn:ogc:object:sensor:GEOM:3');
INSERT INTO "om"."offerings" VALUES ('offering-4',  NULL, 'offering-4',  '2007-05-01 12:59:00.0', '2007-05-01 16:59:00.0', 'urn:ogc:object:sensor:GEOM:4');
INSERT INTO "om"."offerings" VALUES ('offering-5',  NULL, 'offering-5',  '2007-05-01 12:59:00.0', '2007-05-01 16:59:00.0', 'urn:ogc:object:sensor:GEOM:test-1');
INSERT INTO "om"."offerings" VALUES ('offering-6',  NULL, 'offering-6',  NULL,                    NULL,                    'urn:ogc:object:sensor:GEOM:6');
INSERT INTO "om"."offerings" VALUES ('offering-7',  NULL, 'offering-7',  NULL,                    NULL,                    'urn:ogc:object:sensor:GEOM:7');
INSERT INTO "om"."offerings" VALUES ('offering-8',  NULL, 'offering-8',  '2007-05-01 12:59:00.0', '2007-05-01 16:59:00.0', 'urn:ogc:object:sensor:GEOM:8');
INSERT INTO "om"."offerings" VALUES ('offering-9',  NULL, 'offering-9',  '2009-05-01 13:47:00.0', '2009-05-01 13:47:00.0', 'urn:ogc:object:sensor:GEOM:9');
INSERT INTO "om"."offerings" VALUES ('offering-10', NULL, 'offering-10', '2009-05-01 13:47:00.0', '2009-05-01 14:03:00.0', 'urn:ogc:object:sensor:GEOM:10');
INSERT INTO "om"."offerings" VALUES ('offering-11', NULL, 'offering-11', '2009-05-01 13:47:00.0', '2009-05-01 14:03:00.0', 'urn:ogc:object:sensor:GEOM:test-id');

INSERT INTO "om"."offering_foi" VALUES ('offering-3', 'station-001');
INSERT INTO "om"."offering_foi" VALUES ('offering-4', 'station-001');
INSERT INTO "om"."offering_foi" VALUES ('offering-5', 'station-002');
INSERT INTO "om"."offering_foi" VALUES ('offering-8', 'station-006');
INSERT INTO "om"."offering_foi" VALUES ('offering-9', 'station-006');
INSERT INTO "om"."offering_foi" VALUES ('offering-10','station-001');
INSERT INTO "om"."offering_foi" VALUES ('offering-10','station-002');
INSERT INTO "om"."offering_foi" VALUES ('offering-11','station-001');


INSERT INTO "om"."offering_observed_properties" VALUES ('offering-2','urn:ogc:def:phenomenon:GEOM:aggregatePhenomenon');
INSERT INTO "om"."offering_observed_properties" VALUES ('offering-2','urn:ogc:def:phenomenon:GEOM:depth');
INSERT INTO "om"."offering_observed_properties" VALUES ('offering-2','urn:ogc:def:phenomenon:GEOM:temperature');

INSERT INTO "om"."offering_observed_properties" VALUES ('offering-3','urn:ogc:def:phenomenon:GEOM:aggregatePhenomenon');
INSERT INTO "om"."offering_observed_properties" VALUES ('offering-3','urn:ogc:def:phenomenon:GEOM:depth');
INSERT INTO "om"."offering_observed_properties" VALUES ('offering-3','urn:ogc:def:phenomenon:GEOM:temperature');

INSERT INTO "om"."offering_observed_properties" VALUES ('offering-4','urn:ogc:def:phenomenon:GEOM:aggregatePhenomenon');
INSERT INTO "om"."offering_observed_properties" VALUES ('offering-4','urn:ogc:def:phenomenon:GEOM:depth');
INSERT INTO "om"."offering_observed_properties" VALUES ('offering-4','urn:ogc:def:phenomenon:GEOM:temperature');

INSERT INTO "om"."offering_observed_properties" VALUES ('offering-5','urn:ogc:def:phenomenon:GEOM:aggregatePhenomenon');
INSERT INTO "om"."offering_observed_properties" VALUES ('offering-5','urn:ogc:def:phenomenon:GEOM:depth');
INSERT INTO "om"."offering_observed_properties" VALUES ('offering-5','urn:ogc:def:phenomenon:GEOM:temperature');

INSERT INTO "om"."offering_observed_properties" VALUES ('offering-7','urn:ogc:def:phenomenon:GEOM:temperature');

INSERT INTO "om"."offering_observed_properties" VALUES ('offering-8','urn:ogc:def:phenomenon:GEOM:aggregatePhenomenon');
INSERT INTO "om"."offering_observed_properties" VALUES ('offering-8','urn:ogc:def:phenomenon:GEOM:depth');
INSERT INTO "om"."offering_observed_properties" VALUES ('offering-8','urn:ogc:def:phenomenon:GEOM:temperature');

INSERT INTO "om"."offering_observed_properties" VALUES ('offering-9','urn:ogc:def:phenomenon:GEOM:depth');

INSERT INTO "om"."offering_observed_properties" VALUES ('offering-10','urn:ogc:def:phenomenon:GEOM:depth');
INSERT INTO "om"."offering_observed_properties" VALUES ('offering-11','urn:ogc:def:phenomenon:GEOM:depth');

INSERT INTO "om"."observations"  VALUES ('urn:ogc:object:observation:GEOM:201',   201, '2001-01-01 00:00:00.0', '2001-01-01 00:00:00.0', 'urn:ogc:def:phenomenon:GEOM:aggregatePhenomenon', 'urn:ogc:object:sensor:GEOM:2',       'station-002');
INSERT INTO "om"."observations"  VALUES ('urn:ogc:object:observation:GEOM:406',   406, '2007-05-01 12:59:00.0', '2007-05-01 16:59:00.0', 'urn:ogc:def:phenomenon:GEOM:depth',               'urn:ogc:object:sensor:GEOM:4',       'station-001');
INSERT INTO "om"."observations"  VALUES ('urn:ogc:object:observation:GEOM:304',   304, '2007-05-01 02:59:00.0', '2007-05-01 06:59:00.0', 'urn:ogc:def:phenomenon:GEOM:depth',               'urn:ogc:object:sensor:GEOM:3',       'station-001');
INSERT INTO "om"."observations"  VALUES ('urn:ogc:object:observation:GEOM:305',   305, '2007-05-01 07:59:00.0', '2007-05-01 11:59:00.0', 'urn:ogc:def:phenomenon:GEOM:depth',               'urn:ogc:object:sensor:GEOM:3',       'station-001');
INSERT INTO "om"."observations"  VALUES ('urn:ogc:object:observation:GEOM:307',   307, '2007-05-01 17:59:00.0', '2007-05-01 21:59:00.0', 'urn:ogc:def:phenomenon:GEOM:depth',               'urn:ogc:object:sensor:GEOM:3',       'station-001');
INSERT INTO "om"."observations"  VALUES ('urn:ogc:object:observation:GEOM:507',   507, '2007-05-01 12:59:00.0', '2007-05-01 16:59:00.0', 'urn:ogc:def:phenomenon:GEOM:aggregatePhenomenon', 'urn:ogc:object:sensor:GEOM:test-1',  'station-002');
INSERT INTO "om"."observations"  VALUES ('urn:ogc:object:observation:GEOM:801',   801, '2007-05-01 12:59:00.0', '2007-05-01 16:59:00.0', 'urn:ogc:def:phenomenon:GEOM:aggregatePhenomenon', 'urn:ogc:object:sensor:GEOM:8',       'station-006');
INSERT INTO "om"."observations"  VALUES ('urn:ogc:object:observation:GEOM:702',   702,  NULL,                   NULL,                    'urn:ogc:def:phenomenon:GEOM:temperature',         'urn:ogc:object:sensor:GEOM:7',       'station-002');
INSERT INTO "om"."observations"  VALUES ('urn:ogc:object:observation:GEOM:901',   901, '2009-05-01 13:47:00.0', '2009-05-01 13:47:00.0', 'urn:ogc:def:phenomenon:GEOM:depth',               'urn:ogc:object:sensor:GEOM:9',       'station-006');
INSERT INTO "om"."observations"  VALUES ('urn:ogc:object:observation:GEOM:1001', 1001, '2009-05-01 13:47:00.0', '2009-05-01 14:00:00.0', 'urn:ogc:def:phenomenon:GEOM:depth',               'urn:ogc:object:sensor:GEOM:10',      'station-001');
INSERT INTO "om"."observations"  VALUES ('urn:ogc:object:observation:GEOM:1002', 1002, '2009-05-01 14:01:00.0', '2009-05-01 14:03:00.0', 'urn:ogc:def:phenomenon:GEOM:depth',               'urn:ogc:object:sensor:GEOM:10',      'station-002');
INSERT INTO "om"."observations"  VALUES ('urn:ogc:object:observation:GEOM:2000', 2000, '2009-05-01 13:47:00.0', '2009-05-01 14:03:00.0', 'urn:ogc:def:phenomenon:GEOM:depth',               'urn:ogc:object:sensor:GEOM:test-id', 'station-001');


INSERT INTO "om"."procedure_descriptions"  VALUES ('urn:ogc:object:sensor:GEOM:2',  1, 'depth',       'Quantity', 'urn:ogc:def:phenomenon:GEOM:depth',        'm');
INSERT INTO "om"."procedure_descriptions"  VALUES ('urn:ogc:object:sensor:GEOM:2',  2, 'temperature', 'Quantity', 'urn:ogc:def:phenomenon:GEOM:temperature',  '째C');
INSERT INTO "om"."procedure_descriptions"  VALUES ('urn:ogc:object:sensor:GEOM:3',  1, 'Time',        'Time',     'urn:ogc:data:time:iso8601',                 NULL);
INSERT INTO "om"."procedure_descriptions"  VALUES ('urn:ogc:object:sensor:GEOM:3',  2, 'depth',       'Quantity', 'urn:ogc:def:phenomenon:GEOM:depth',        'm');
INSERT INTO "om"."procedure_descriptions"  VALUES ('urn:ogc:object:sensor:GEOM:4',  1, 'Time',        'Time',     'urn:ogc:data:time:iso8601',                 NULL);
INSERT INTO "om"."procedure_descriptions"  VALUES ('urn:ogc:object:sensor:GEOM:4',  2, 'depth',       'Quantity', 'urn:ogc:def:phenomenon:GEOM:depth',        'm');
INSERT INTO "om"."procedure_descriptions"  VALUES ('urn:ogc:object:sensor:GEOM:test-1',  1, 'Time',        'Time',     'urn:ogc:data:time:iso8601',                 NULL);
INSERT INTO "om"."procedure_descriptions"  VALUES ('urn:ogc:object:sensor:GEOM:test-1',  2, 'depth',       'Quantity', 'urn:ogc:def:phenomenon:GEOM:depth',        'm');
INSERT INTO "om"."procedure_descriptions"  VALUES ('urn:ogc:object:sensor:GEOM:test-1',  3, 'temperature', 'Quantity', 'urn:ogc:def:phenomenon:GEOM:temperature',  '째C');
INSERT INTO "om"."procedure_descriptions"  VALUES ('urn:ogc:object:sensor:GEOM:8',  1, 'Time',        'Time',     'urn:ogc:data:time:iso8601',                 NULL);
INSERT INTO "om"."procedure_descriptions"  VALUES ('urn:ogc:object:sensor:GEOM:8',  2, 'depth',       'Quantity', 'urn:ogc:def:phenomenon:GEOM:depth',        'm');
INSERT INTO "om"."procedure_descriptions"  VALUES ('urn:ogc:object:sensor:GEOM:8',  3, 'temperature', 'Quantity', 'urn:ogc:def:phenomenon:GEOM:temperature',  '째C');
INSERT INTO "om"."procedure_descriptions"  VALUES ('urn:ogc:object:sensor:GEOM:7',  1, 'Time',        'Time',     'urn:ogc:data:time:iso8601',                 NULL);
INSERT INTO "om"."procedure_descriptions"  VALUES ('urn:ogc:object:sensor:GEOM:7',  2, 'temperature', 'Quantity', 'urn:ogc:def:phenomenon:GEOM:temperature',  '째C');
INSERT INTO "om"."procedure_descriptions"  VALUES ('urn:ogc:object:sensor:GEOM:9',  1, 'depth',       'Quantity', 'urn:ogc:def:phenomenon:GEOM:depth',        'm');
INSERT INTO "om"."procedure_descriptions"  VALUES ('urn:ogc:object:sensor:GEOM:10', 1, 'Time',        'Time',     'urn:ogc:data:time:iso8601',                 NULL);
INSERT INTO "om"."procedure_descriptions"  VALUES ('urn:ogc:object:sensor:GEOM:10', 2, 'depth',       'Quantity', 'urn:ogc:def:phenomenon:GEOM:depth',        'm');
INSERT INTO "om"."procedure_descriptions"  VALUES ('urn:ogc:object:sensor:GEOM:test-id', 1, 'Time',   'Time',     'urn:ogc:data:time:iso8601',            NULL);
INSERT INTO "om"."procedure_descriptions"  VALUES ('urn:ogc:object:sensor:GEOM:test-id', 2, 'depth',  'Quantity', 'urn:ogc:def:phenomenon:GEOM:depth',    'm');


CREATE TABLE "mesures"."mesure2"("id_observation" integer NOT NULL,
                                 "id"             integer NOT NULL,
                                 "depth"          double,
                                 "temperature"    double);

INSERT INTO "mesures"."mesure2" VALUES (201, 1, 12,  18.5);
INSERT INTO "mesures"."mesure2" VALUES (201, 2, 24,  19.7);
INSERT INTO "mesures"."mesure2" VALUES (201, 3, 48,  21.2);
INSERT INTO "mesures"."mesure2" VALUES (201, 4, 96,  23.9);
INSERT INTO "mesures"."mesure2" VALUES (201, 5, 192, 26.2);
INSERT INTO "mesures"."mesure2" VALUES (201, 6, 384, 31.4);
INSERT INTO "mesures"."mesure2" VALUES (201, 7, 768, 35.1);

CREATE TABLE "mesures"."mesure3"("id_observation" integer NOT NULL,
                                 "id"             integer NOT NULL,
                                 "Time"           timestamp,
                                 "depth"          double);

INSERT INTO "mesures"."mesure3" VALUES (304, 1, '2007-05-01 02:59:00',6.56);
INSERT INTO "mesures"."mesure3" VALUES (304, 2, '2007-05-01 03:59:00',6.56);
INSERT INTO "mesures"."mesure3" VALUES (304, 3, '2007-05-01 04:59:00',6.56);
INSERT INTO "mesures"."mesure3" VALUES (304, 4, '2007-05-01 05:59:00',6.56);
INSERT INTO "mesures"."mesure3" VALUES (304, 5, '2007-05-01 06:59:00',6.56);

INSERT INTO "mesures"."mesure3" VALUES (305, 1, '2007-05-01 07:59:00',6.56);
INSERT INTO "mesures"."mesure3" VALUES (305, 2, '2007-05-01 08:59:00',6.56);
INSERT INTO "mesures"."mesure3" VALUES (305, 3, '2007-05-01 09:59:00',6.56);
INSERT INTO "mesures"."mesure3" VALUES (305, 4, '2007-05-01 10:59:00',6.56);
INSERT INTO "mesures"."mesure3" VALUES (305, 5, '2007-05-01 11:59:00',6.56);

INSERT INTO "mesures"."mesure3" VALUES (307, 1, '2007-05-01 17:59:00',6.56);
INSERT INTO "mesures"."mesure3" VALUES (307, 2, '2007-05-01 18:59:00',6.55);
INSERT INTO "mesures"."mesure3" VALUES (307, 3, '2007-05-01 19:59:00',6.55);
INSERT INTO "mesures"."mesure3" VALUES (307, 4, '2007-05-01 20:59:00',6.55);
INSERT INTO "mesures"."mesure3" VALUES (307, 5, '2007-05-01 21:59:00',6.55);

CREATE TABLE "mesures"."mesure5"("id_observation" integer NOT NULL,
                                 "id"             integer NOT NULL,
                                 "Time"           timestamp,
                                 "depth"          double,
                                 "temperature"    double);

INSERT INTO "mesures"."mesure5" VALUES (507, 1, '2007-05-01 12:59:00',6.56, NULL);
INSERT INTO "mesures"."mesure5" VALUES (507, 2, '2007-05-01 13:59:00',6.56, NULL);
INSERT INTO "mesures"."mesure5" VALUES (507, 3, '2007-05-01 14:59:00',6.56, NULL);
INSERT INTO "mesures"."mesure5" VALUES (507, 4, '2007-05-01 15:59:00',6.56, NULL);
INSERT INTO "mesures"."mesure5" VALUES (507, 5, '2007-05-01 16:59:00',6.56, NULL);

CREATE TABLE "mesures"."mesure4"("id_observation" integer NOT NULL,
                                 "id"             integer NOT NULL,
                                 "Time"           timestamp,
                                 "depth"          double);

INSERT INTO "mesures"."mesure4" VALUES (406, 1, '2007-05-01 12:59:00',6.56);
INSERT INTO "mesures"."mesure4" VALUES (406, 2, '2007-05-01 13:59:00',6.56);
INSERT INTO "mesures"."mesure4" VALUES (406, 3, '2007-05-01 14:59:00',6.56);
INSERT INTO "mesures"."mesure4" VALUES (406, 4, '2007-05-01 15:59:00',6.56);
INSERT INTO "mesures"."mesure4" VALUES (406, 5, '2007-05-01 16:59:00',6.56);

CREATE TABLE "mesures"."mesure8"("id_observation" integer NOT NULL,
                                 "id"             integer NOT NULL,
                                 "Time"           timestamp,
                                 "depth"          double,
                                 "temperature"    double);

INSERT INTO "mesures"."mesure8" VALUES (801, 1,  '2007-05-01 12:59:00',6.56,12.0);
INSERT INTO "mesures"."mesure8" VALUES (801, 3,  '2007-05-01 13:59:00',6.56,13.0);
INSERT INTO "mesures"."mesure8" VALUES (801, 5,  '2007-05-01 14:59:00',6.56,14.0);
INSERT INTO "mesures"."mesure8" VALUES (801, 7,  '2007-05-01 15:59:00',6.56,15.0);
INSERT INTO "mesures"."mesure8" VALUES (801, 9,  '2007-05-01 16:59:00',6.56,16.0);

CREATE TABLE "mesures"."mesure7"("id_observation" integer NOT NULL,
                                 "id"             integer NOT NULL,
                                 "Time"           timestamp,
                                 "temperature"    double);

INSERT INTO "mesures"."mesure7" VALUES (702, 1,  '2007-05-01 16:59:00',6.56);

CREATE TABLE "mesures"."mesure9"("id_observation" integer NOT NULL,
                                 "id"             integer NOT NULL,
                                 "depth"          double);

INSERT INTO "mesures"."mesure9" VALUES (901, 1,  18.5);
INSERT INTO "mesures"."mesure9" VALUES (901, 2,  19.7);
INSERT INTO "mesures"."mesure9" VALUES (901, 3,  21.2);
INSERT INTO "mesures"."mesure9" VALUES (901, 4,  23.9);
INSERT INTO "mesures"."mesure9" VALUES (901, 5,  22.2);
INSERT INTO "mesures"."mesure9" VALUES (901, 6,  18.4);
INSERT INTO "mesures"."mesure9" VALUES (901, 7,  17.1);

CREATE TABLE "mesures"."mesure10"("id_observation" integer NOT NULL,
                                 "id"             integer NOT NULL,
                                 "Time"           timestamp,
                                 "depth"          double);

INSERT INTO "mesures"."mesure10" VALUES (1001, 1,  '2009-05-01 13:47:00',4.5);
INSERT INTO "mesures"."mesure10" VALUES (1001, 2,  '2009-05-01 14:00:00',5.9);
INSERT INTO "mesures"."mesure10" VALUES (1002, 1,  '2009-05-01 14:01:00',8.9);
INSERT INTO "mesures"."mesure10" VALUES (1002, 2,  '2009-05-01 14:02:00',7.8);
INSERT INTO "mesures"."mesure10" VALUES (1002, 3,  '2009-05-01 14:03:00',9.9);

CREATE TABLE "mesures"."mesure11"("id_observation" integer NOT NULL,
                                  "id"             integer NOT NULL,
                                  "Time"           timestamp,
                                  "depth"          double);

INSERT INTO "mesures"."mesure11" VALUES (2000, 1,  '2009-05-01 13:47:00',4.5);
INSERT INTO "mesures"."mesure11" VALUES (2000, 2,  '2009-05-01 14:00:00',5.9);
INSERT INTO "mesures"."mesure11" VALUES (2000, 3,  '2009-05-01 14:01:00',8.9);
INSERT INTO "mesures"."mesure11" VALUES (2000, 4,  '2009-05-01 14:02:00',7.8);
INSERT INTO "mesures"."mesure11" VALUES (2000, 5,  '2009-05-01 14:03:00',9.9);